Category,Product,Competitor,Price,RowMedian,Flag
Bigo Live,"Bigo Live 1,600 Diamonds (Global)",MooGold,0.04,,near-zero
Bigo Live,"Bigo Live 10,000 Diamonds (Global)",MooGold,0.04,198.87,near-zero;low 0.00x
Bigo Live,"Bigo Live 3,000 Diamonds (Global)",MooGold,0.04,58.34,near-zero;low 0.00x
Bigo Live,"Bigo Live 30,000 Diamonds (Global)",MooGold,0.04,601.02,near-zero;low 0.00x
Bigo Live,"Bigo Live 4,000 Diamonds (Global)",MooGold,0.04,44.77,near-zero;low 0.00x
Bigo Live,"Bigo Live 40,000 Diamonds (Global)",MooGold,0.04,402.75,near-zero;low 0.00x
Bigo Live,"Bigo Live 5,000 Diamonds (Global)",MooGold,0.04,100.0,near-zero;low 0.00x
Bigo Live,"Bigo Live 80,000 Diamonds (Global)",MooGold,0.04,10.0,near-zero;low 0.00x
Discord,DC Nitro Membership 3 Months Trial Code,Eneba,0.03,0.64,near-zero;low 0.05x
GASH,"GASH 5,000 Points (HK)",Eneba,0.46,160.64,near-zero;low 0.00x
Mobile Legends Bang Bang,"Mobile Legends: Bang Bang 6,000 Diamonds",Moogold,0.02,25.32,near-zero;low 0.00x
PUBG Mobile,"PUBG Mobile 12,000 + 4,200 UC (Global)",MooGold,0.22,183.69,near-zero;low 0.00x
PUBG Mobile,"PUBG Mobile 18,000 + 6,300 UC (Global)",MooGold,0.22,275.6,near-zero;low 0.00x
PUBG Mobile,"PUBG Mobile 24,000 + 8,400 UC (Global)",MooGold,0.22,362.44,near-zero;low 0.00x
PUBG Mobile,"PUBG Mobile 30,000 + 10,500 UC (Global)",MooGold,0.22,460.79,near-zero;low 0.00x
Touch ‘n Go,Touch ‘n Go Pin MYR 500 (MY),MooGold,0.12,128.77,near-zero;low 0.00x
YouTube,Youtube Premium 1 Month Account,G2G,0.38,,near-zero
Bigo Live,Bigo Live 100 Diamonds (Global),LapakGaming,10.0,1.99,high 5.0x
Bigo Live,"Bigo Live 3,000 Diamonds (Global)",LapakGaming,10.0,58.34,low 0.17x
Bigo Live,"Bigo Live 4,000 Diamonds (Global)",LapakGaming,10.0,44.77,low 0.22x
Bigo Live,"Bigo Live 40,000 Diamonds (Global)",LapakGaming,10.0,402.75,low 0.02x
Bigo Live,Bigo Live 50 Diamonds (Global),LapakGaming,10.0,1.01,high 9.9x
Bigo Live,"Bigo Live 80,000 Diamonds (Global)",Seagm,1591.0,10.0,high 159.1x
Discord,DC Nitro Membership 1 Year Code,Eneba,7.98,48.0,low 0.17x
Discord,DC Nitro Membership 1 Year Code,Moogold,4.5,48.0,low 0.09x
Free Fire,"Free Fire 2,220 Diamonds Pins (Garena) (MENA)",Eneba,1.0,10.02,low 0.10x
Free Fire,"Free Fire 2,220 Diamonds Pins (Garena) (MENA)",Unipin,1.06,10.02,low 0.11x
GoCash,GoCash Game Card USD 5 (Global),G2G,0.98,4.79,low 0.20x
Honkai Star Rail,Honkai: Star Rail Express Supply Pass (Global),Codashop,99.99,4.6,high 21.7x
Honkai Star Rail,Honkai: Star Rail Express Supply Pass (Global),LapakGaming,0.69,4.6,low 0.15x
Indosat,"Indosat Ooredoo Hutchison Gift Card IDR 200,000 (ID)",Eneba,3.42,12.33,low 0.28x
Jawaker,"Jawaker 805,000 Token",Eneba,0.96,94.87,low 0.01x
Mobile Legends Bang Bang,"Mobile Legends: Bang Bang 6,000 Diamonds",OG,93.48,25.32,high 3.7x
Mobile Legends Bang Bang,"Mobile Legends: Bang Bang 6,000 Diamonds",Seagm,99.99,25.32,high 3.9x
Mobile Legends Bang Bang,"Mobile Legends: Bang Bang 6,000 Diamonds",Unipin,1.0,25.32,low 0.04x
Mobile Legends Bang Bang,"Mobile Legends: Bang Bang 6,000 Diamonds",Eneba,1.87,25.32,low 0.07x
MyCard,"MyCard 3,290 Points (TW)",G2G,11.08,96.18,low 0.12x
Netflix,Netflix Gift Card USD 20 (US),MooGold,3.67,20.02,low 0.18x
Netflix,Netflix Gift Card USD 25 (US),MooGold,3.67,25.16,low 0.15x
Netflix,Netflix USD100 Gift Card (US),MooGold,3.67,99.04,low 0.04x
PUBG Mobile,PUBG Mobile 600 + 60 UC (Global),Eneba,0.9,9.17,low 0.10x
PlayStation,PlayStation™Store MYR 100 Gift Cards (MY),LapakGaming,7.36,24.65,low 0.30x
PlayStation,PlayStation™Store MYR 200 Gift Cards (MY),LapakGaming,7.36,48.55,low 0.15x
Razer Gold,Razer Gold USD10 (US),Eneba,1.83,10.0,low 0.18x
Riot Points,Riot Points Gift Card EUR 100,MooGold,0.6,29.43,low 0.02x
Riot Points,Riot Points Gift Card EUR 100,G2G,105.0,29.43,high 3.6x
Riot Points,Riot Points Gift Card EUR 20,MooGold,0.6,28.84,low 0.02x
Riot Points,Riot Points Gift Card EUR 25,MooGold,0.6,24.9,low 0.02x
Riot Points,Riot Points Gift Card EUR 50,MooGold,0.6,29.43,low 0.02x
Riot Points,"Riot Points Gift Card TRY 1,400 (TR)",MooGold,0.6,29.43,low 0.02x
Riot Points,"Riot Points Gift Card TRY 4,785 (TR)",MooGold,0.6,29.43,low 0.02x
Riot Points,"Riot Points Gift Card TRY 4,785 (TR)",G2G,139.99,29.43,high 4.8x
Valorant Gift Card,Valorant Gift Card USD 100 (US),Eneba,3.45,98.39,low 0.04x
Vinaphone,Vinaphone (Global) 50000 Code,G2G,8.0,2.04,high 3.9x
Wuthering Waves,Lunite Subscription,Eneba,0.87,4.01,low 0.22x
